Top pages,Clicks,Impressions,CTR,Position
https://stackarchitect.xyz/,4,101,3.96%,4.17
https://www.stackarchitect.xyz/blog/how-to-fix-service-invoked-too-many-times-in-google-apps-script,0,45,0%,9.87
https://stackarchitect.xyz/stack,0,33,0%,2.09
https://www.stackarchitect.xyz/blog/how-to-track-shopify-inventory-in-google-sheets,0,18,0%,33.67
https://www.stackarchitect.xyz/blog/shopify-ai-playbook-2026,0,14,0%,2.57
https://www.stackarchitect.xyz/blog/recover-lost-shopify-conversions-capi-shield,0,10,0%,3.7
https://www.stackarchitect.xyz/blog/tidio-for-shopify-complete-setup-guide,0,10,0%,4.1
https://www.stackarchitect.xyz/blog/shopify-automation-stack-for-small-stores,0,6,0%,3
https://www.stackarchitect.xyz/blog/the-ultimate-guide-to-shopify-inventory-management,0,5,0%,3.4
https://www.stackarchitect.xyz/,0,4,0%,1.5
https://www.stackarchitect.xyz/blog/make-com-shopify-automation-guide,0,1,0%,3
https://www.stackarchitect.xyz/blog/google-apps-script-quotas-explained-how-to-avoid-limits-and-scale-your-automations,0,1,0%,12